QID;name
Q2283;
Q182477;
Q3884;
Q679322;
Q713418;
Q217583;
Q555925;
Q818846;
Q192314;
Q328840;
Q483551;
Q156238;
Q860580;
Q1470768;
Q297879;
Q489921;
Q20718;
Q19900;
Q504998;
Q212405;
Q715583;
Q333718;
Q864407;
Q487907;
Q907311;
Q14662364;
Q319642;
Q53268;
Q26463;
Q3295867;
Q160746;
Q503182;
Q1518607;
Q941127;
Q11463;
Q908931;
Q843887;
Q731938;
Q552581;
Q156077;
Q544847;
Q334800;
Q507154;
Q741618;
Q212646;
Q26298;
Q744149;
Q3511885;
Q30260387;
Q621610;
Q338825;
Q47015652;
Q26299;
Q173395;
Q1318848;
Q193412;
Q38076;
Q7414;
Q1359568;
Q790068;
Q54173;
Q306764;
Q1159256;
Q296782;
Q13227919;
Q467752;
Q194360;
Q631047;
Q470517;
Q190464;
Q334204;
Q37156;
Q7455653;
Q154037;
Q1852556;
Q206921;
Q67389109;
Q735261;
Q2743863;
Q44504;
Q1197548;
Q81230;
Q193326;
Q625713;
Q1113804;
Q152087;
Q795354;
Q967868;
Q285328;
Q1342041;
Q868587;
Q49053;
Q20183163;
Q157062;
Q35476;
Q89368734;
Q214763;
Q248;
Q159694;
Q1542175;
Q9396;
Q2357515;
Q1285819;
Q677488;
Q219508;
Q158205;
Q1373493;
Q2744099;
Q1073509;
Q128738;
Q219635;
Q155026;
Q67;
Q193366;
Q370719;
Q2861324;
Q484930;
Q483915;
Q66;
Q7308054;
Q894585;
Q7240;
Q487292;
Q7128508;
Q821293;
Q1475699;
Q18653563;
Q53238;
Q1786345;
Q16983765;
Q56826329;
Q831445;
Q52825;
Q407448;
Q1351484;
Q854867;
Q201653;
Q1653258;
Q30873;
Q496302;
Q56853086;
Q642189;
Q752496;
Q1073306;
Q1194832;
Q1570773;
Q193199;
Q1256188;
Q63327;
Q209318;
Q210047;
Q15907772;
Q24890758;
Q2608329;
Q2303478;
Q642271;
Q689240;
Q4745263;
Q1886126;
Q7569806;
Q1340361;
Q2094989;
Q880942;
Q12857502;
Q1420513;
Q6349602;
Q757164;
Q37158;
Q7501150;
Q608776;
Q1630431;
Q650745;
Q998470;
Q2304693;
Q1671804;
Q465751;
Q1761176;
Q663596;
Q474621;
Q266423;
Q1776022;
Q841458;
Q26989;
Q950419;
Q205012;
Q8073337;
Q904284;
Q705417;
Q1437502;
Q1397688;
Q445007;
Q609466;
Q160054;
Q212322;
Q502940;
Q499707;
Q1032229;
Q675585;
Q1264404;
Q1339966;
Q1812086;
Q1141267;
Q230426;
Q27586;
Q36008;
Q624798;
Q570473;
Q46974;
Q48881;
Q24834296;
Q1663044;
Q1430985;
Q806626;
Q169339;
Q12233;
Q651222;
Q1275577;
Q1453620;
Q717093;
Q459477;
Q7833612;
Q156959;
Q161140;
Q1092571;
Q904240;
Q624375;
Q851641;
Q1023876;
Q1510378;
Q1619376;
Q1343118;
Q3570160;
Q1155668;
Q856411;
Q1141123;
Q1141173;
Q806680;
Q619121;
Q40993;
Q1425316;
Q986744;
Q1282031;
Q699848;
Q669441;
Q908324;
Q1046951;
Q259195;
Q813780;
Q1470619;
Q1024454;
Q329953;
Q45568;
Q202841;
Q472451;
Q634815;
Q1184878;
Q8093;
Q2031726;
Q82884;
Q5380346;
Q4046987;
Q20486917;
Q48801091;
Q38928;
Q171240;
Q689141;
Q1347782;
Q483959;
Q750619;
Q2609533;
Q806693;
Q196259;
Q458363;
Q739084;
Q7314415;
Q109464416;
Q26678;
Q246;
Q1064887;
Q7071951;
Q16932392;
Q8034666;
Q93359236;
Q1656230;
Q107453017;
Q903219;
Q1424293;
Q97439162;
Q2047336;
Q645708;
Q714641;
Q4799191;
Q329347;
Q1465461;
Q971946;
Q407744;
Q159433;
Q451476;
Q1518238;
Q2287759;
Q2013357;
Q16972754;
Q180855;
Q38903;
Q5377000;
Q16966841;
Q166621;
Q2836957;
Q1057464;
Q1477661;
Q482267;
Q81965;
Q628051;
Q1074005;
Q1034654;
Q20011294;
Q28173355;
Q1283291;
Q9584;
Q930639;
Q795486;
Q1636958;
Q16951448;
Q163810;
Q44294;
Q10895089;
Q26311;
Q1156045;
Q1535171;
Q2042423;
Q1410821;
Q16466481;
Q1545076;
Q5275969;
Q1516410;
Q1053299;
Q1785405;
Q243278;
Q1172038;
Q607131;
Q212235;
Q908144;
Q739416;
Q565594;
Q48948;
Q1817174;
Q5629103;
Q898568;
Q1321054;
Q311394;
Q7839848;
Q60744565;
Q4826087;
Q1945295;
Q55931;
Q11074156;
Q3442791;
Q1652574;
Q757307;
Q2003549;
Q15138136;
Q118957699;
Q176508;
Q782697;
Q942471;
Q2749364;
Q1741634;
Q464092;
Q5011901;
Q15755050;
Q7972797;
Q666694;
Q7301386;
Q1128160;
Q663452;
Q623591;
Q963718;
Q3110722;
Q667865;
Q1627894;
Q5203782;
Q3291801;
Q17081612;
Q590952;
Q3116111;
Q931032;
Q623042;
Q509544;
Q357095;
Q1152764;
Q15109865;
Q20714323;
Q931207;
Q16248637;
Q7889101;
Q188514;
Q470156;
Q910866;
Q2040404;
Q692157;
Q9401;
Q684825;
Q2961234;
Q1967805;
Q4789079;
Q2843129;
Q1123823;
Q107646415;
Q65053147;
Q2114414;
Q946080;
Q1411295;
Q648280;
Q2645636;
Q5189320;
Q678565;
Q3895;
Q16767532;
Q245343;
Q677464;
Q899133;
Q3598926;
Q22058448;
Q329426;
Q7880419;
Q751361;
Q223429;
Q847225;
Q929872;
Q670482;
Q27926500;
Q1516108;
Q7083862;
Q1758392;
Q249798;
Q7598287;
Q1134069;
Q7921370;
Q19681433;
Q16058076;
Q96100147;
Q2336459;
Q112860932;
Q470317;
Q251546;
Q157852;
Q5760704;
Q285493;
Q4686934;
Q2478569;
Q1190881;
Q1392999;
Q1435628;
Q1543633;
Q6702957;
Q541451;
Q1053422;
Q1645081;
Q12620655;
Q40650;
Q3400886;
Q229764;
Q7268886;
Q29124183;
Q2882087;
Q1812208;
Q1056637;
Q5203271;
Q661845;
Q13416787;
Q65091423;
Q930919;
Q173941;
Q393762;
Q1494132;
Q28155430;
Q696743;
Q153417;
Q63197674;
Q668737;
Q909856;
Q1196269;
Q1384140;
Q124976;
Q3067119;
Q806639;
Q907103;
Q5059102;
Q1205300;
Q837049;
Q58196331;
Q3536932;
Q864923;
Q629998;
Q118905792;
Q1034621;
Q2599552;
Q13218598;
Q2376711;
Q1383669;
Q5766843;
Q605565;
Q82059;
Q53257;
Q804353;
Q684222;
Q276507;
Q23022611;
Q3045727;
Q1479076;
Q1177;
Q1965898;
Q1003813;
Q5422162;
Q737443;
Q38676;
Q1107035;
Q102673;
Q24838676;
Q1364176;
Q28171825;
Q66048;
Q4207171;
Q83473736;
Q502568;
Q221062;
Q5281775;
Q26263180;
Q1372049;
Q28412531;
Q576395;
Q1852211;
Q626800;
Q819094;
Q2142669;
Q864338;
Q25104597;
Q5191790;
Q553927;
Q17028574;
Q1685287;
Q259340;
Q738421;
Q104158381;
Q787060;
Q1506045;
Q1157624;
Q839552;
Q10910065;
Q14772;
Q18619470;
Q16974682;
Q1671509;
Q1073519;
Q975655;
Q2722179;
Q120091633;
Q899255;
Q291464;
Q658789;
Q1127536;
Q188920;
Q1416237;
Q5254620;
Q3152974;
Q808908;
Q1206980;
Q1529234;
Q657359;
Q18636352;
Q186394;
Q5926631;
Q16988748;
Q8074786;
Q27302;
Q656165;
Q717531;
Q5384453;
Q696061;
Q7685824;
Q444110;
Q255381;
Q1544535;
Q644324;
Q104845552;
Q1023155;
Q24204493;
Q1486956;
Q48754;
Q18224;
Q2877503;
Q1408037;
Q164740;
Q646898;
Q1068485;
Q45576;
Q54263910;
Q680186;
Q1289348;
Q4778915;
Q19840026;
Q835456;
Q27150212;
Q4827537;
Q168756;
Q295774;
Q721162;
Q20539261;
Q625168;
Q4260724;
Q688816;
Q634298;
Q15109925;
Q691592;
Q741707;
Q7314903;
Q6021310;
Q3630918;
Q104761;
Q669141;
Q662095;
Q5629432;
Q607272;
Q145168;
Q6108978;
Q27890230;
Q16175734;
Q10926936;
Q7195659;
Q487494;
Q5598598;
Q1537378;
Q151107;
Q1023763;
Q1476105;
Q1364018;
Q3612;
Q66812745;
Q179433;
Q19923099;
Q94933;
Q1393210;
Q1023013;
Q704548;
Q651212;
Q21189883;
Q170614;
Q1146592;
Q3033947;
Q58024;
Q138133;
Q906055;
Q963101;
Q78151302;
Q212116;
Q4653060;
Q63152908;
Q1812986;
Q1044059;
Q688725;
Q648533;
Q3511946;
Q114795591;
Q333618;
Q5116536;
Q1374135;
Q106219885;
Q56011958;
Q1753718;
Q3538015;
Q187740;
Q1810389;
Q5099887;
Q163872;
Q1683452;
Q27919383;
Q1636974;
Q738770;
Q48742870;
Q739514;
Q3518961;
Q1411810;
Q3341241;
Q15751975;
Q3272257;
Q12962;
Q10873167;
Q5452733;
Q1138888;
Q1789188;
Q1747133;
Q5570544;
Q5100188;
Q8027166;
Q935969;
Q1575470;
Q170416;
Q179224;
Q1666568;
Q25054159;
Q161544;
Q692989;
Q868259;
Q1202053;
Q1117001;
Q160229;
Q2336948;
Q1181953;
Q806181;
Q47498532;
Q21081923;
Q2404292;
Q55594283;
Q1145493;
Q5484477;
Q122141;
Q4972280;
Q5453738;
Q548278;
Q124721239;
Q1660662;
Q117059;
Q806914;
Q52704225;
Q219203;
Q902397;
Q18754966;
Q496606;
Q1282130;
Q1474718;
Q5216177;
Q4045072;
Q1192211;
Q1284261;
Q5289230;
Q5206232;
Q1632461;
Q1344587;
Q1471161;
Q89189545;
Q105965579;
Q1231406;
Q690604;
Q2037125;
Q165858;
Q906943;
Q409075;
Q1419248;
Q2901365;
Q7259716;
Q85769855;
Q24836492;
Q98139925;
Q1028449;
Q16960819;
Q203552;
Q474690;
Q910401;
Q12220267;
Q7161915;
Q716457;
Q911543;
Q181642;
Q106253738;
Q48802335;
Q8073715;
Q5215858;
Q80947821;
Q513679;
Q1418;
Q2399612;
Q705392;
Q5380128;
Q7236317;
Q22234667;
Q2014690;
Q143616;
Q6459734;
Q979615;
Q52618;
Q7261135;
Q977959;
Q112892574;
Q7388926;
Q483946;
Q644304;
Q48739877;
Q1275336;
Q4120111;
Q667350;
Q4856166;
Q304962;
Q1310001;
Q19839259;
Q336735;
Q1151693;
Q1416215;
Q1369955;
Q3344199;
Q1030691;
Q1325987;
Q1333162;
Q459976;
Q18155123;
Q464905;
Q4035714;
Q2389856;
Q971649;
Q893221;
Q7605667;
Q3433985;
Q270363;
Q1479375;
Q392221;
Q486976;
Q833217;
Q502132;
Q165684;
Q1780382;
Q1421630;
Q5041354;
Q1165204;
Q1053560;
Q578832;
Q856897;
Q6491815;
Q4391877;
Q105886736;
Q833362;
Q1339621;
Q5361268;
Q54806694;
Q30256699;
Q1654229;
Q1576610;
Q1153463;
Q53247;
Q7974766;
Q4946303;
Q2005769;
Q11135108;
Q7391498;
Q898750;
Q176587;
Q643626;
Q491325;
Q688619;
Q798819;
Q7191297;
Q212450;
Q462984;
Q22098886;
Q1915049;
Q174747;
Q157617;
Q1890664;
Q689816;
Q4034815;
Q4687934;
Q908444;
Q7880076;
Q19548352;
Q5533818;
Q1619261;
Q17326957;
Q686030;
Q1579151;
Q271413;
Q412826;
Q27893;
Q499071;
Q2092079;
Q30938280;
Q30272258;
Q2305438;
Q5120253;
Q1853060;
Q917131;
Q1507642;
Q217055;
Q48880943;
Q21189310;
Q94979732;
Q18518626;
Q11331721;
Q2581220;
Q86734122;
Q104907477;
Q6666350;
Q1071853;
Q7391503;
Q12188903;
Q27964091;
Q1295105;
Q115803672;
Q1306571;
Q528842;
Q21120876;
Q533415;
Q1584297;
Q20714863;
Q720479;
Q5013012;
Q3143709;
Q1384324;
Q485639;
Q734338;
Q1519267;
Q790650;
Q5370289;
Q81882;
Q1616858;
Q16987739;
Q444172;
Q642106;
Q107074885;
Q4817084;
Q6896175;
Q14799;
Q742196;
Q593786;
Q73251;
Q839466;
Q3157622;
Q970695;
Q1964784;
Q39146;
Q1073236;
Q7707900;
Q5612197;
Q6466630;
Q4667884;
Q7276284;
Q4974587;
Q5884072;
Q1390155;
Q138736;
Q503308;
Q5215535;
Q1322011;
Q1129792;
Q113215;
Q1424962;
Q174035;
Q23777905;
Q144952;
Q745099;
Q106003803;
Q1514221;
Q7538146;
Q2068984;
Q5035822;
Q4922632;
Q1492739;
Q10876705;
Q172741;
Q2003797;
Q3764225;
Q1814429;
Q28228137;
Q27833474;
Q1454852;
Q6955139;
Q1548951;
Q6413386;
Q6579845;
Q826526;
Q25434685;
Q8085893;
Q447855;
Q913825;
Q910368;
Q2140315;
Q5122694;
Q27686100;
Q4041705;
Q791179;
Q3567081;
Q1396455;
Q5272601;
Q1503818;
Q29366;
Q130889;
Q16983334;
Q1577587;
Q30260298;
Q2443609;
Q2743499;
Q69394979;
Q2076526;
Q871700;
Q528468;
Q3045976;
Q14289857;
Q21077;
Q1885491;
Q55627388;
Q545565;
Q6686;
Q854826;
Q497534;
Q936325;
Q60238941;
Q4969284;
Q7271456;
Q15632580;
Q2205753;
Q562078;
Q128577;
Q5629189;
Q845632;
Q7392916;
Q97160437;
Q1232514;
Q677085;
Q3661655;
Q32245;
Q1073501;
Q1339055;
Q1301821;
Q4914632;
Q5619679;
Q1274362;
Q7638250;
Q338633;
Q775031;
Q731123;
Q3285819;
Q6108971;
Q1365015;
Q5281;
Q202972;
Q1425063;
Q2622493;
Q11077292;
Q1073482;
Q583247;
Q12621901;
Q2164606;
Q16247191;
Q19720632;
Q4999220;
Q3535226;
Q638448;
Q818314;
Q1770909;
Q128929;
Q11977084;
Q616376;
Q8038871;
Q25001278;
Q7884615;
Q115140042;
Q7833641;
Q223127;
Q926806;
Q460487;
Q168238;
Q7114736;
Q125552500;
Q680946;
Q15109846;
Q16959629;
Q1478918;
Q52751473;
Q246655;
Q1786712;
Q4208351;
Q1539141;
Q15238661;
Q643328;
Q1595443;
Q905572;
Q6850542;
Q2003611;
Q16485533;
Q104842834;
Q6782872;
Q287471;
Q1656673;
Q7336661;
Q5094252;
Q2104551;
Q253967;
Q106610106;
Q2844522;
Q28207127;
Q6135535;
Q20873932;
Q112682994;
Q7002174;
Q460307;
Q48988067;
Q8043794;
Q48755;
Q21071142;
Q1469903;
Q415598;
Q51747;
Q20059505;
Q6968762;
Q83472792;
Q1534597;
Q5983823;
Q949610;
Q13631921;
Q1772027;
Q3277465;
Q568532;
Q1631922;
Q490601;
Q17012234;
Q110392687;
Q1793182;
Q2940968;
Q3300084;
Q2040323;
Q1123399;
Q5013767;
Q1030544;
Q13529408;
Q125030348;
Q20165;
Q5591659;
Q63485357;
Q4655171;
Q25048844;
Q1834291;
Q19985983;
Q162345;
Q5446791;
Q1613763;
Q737670;
Q2171646;
Q3518066;
Q7200719;
Q1140875;
Q97213243;
Q1604969;
Q912778;
Q219501;
Q1668265;
Q6027444;
Q1998662;
Q4732492;
Q6410043;
Q65281131;
Q795622;
Q1688026;
Q10889617;
Q65196379;
Q1475554;
Q126559;
Q1142753;
Q2723075;
Q11073798;
Q511031;
Q21016487;
Q4548;
Q1984481;
Q908961;
Q17684312;
Q11507487;
Q905806;
Q11441729;
Q688687;
Q749034;
Q806641;
Q2003777;
Q17058305;
Q895325;
Q120467527;
Q7236318;
Q1630559;
Q736091;
Q6460556;
Q794563;
Q174769;
Q1104910;
Q847931;
Q18346281;
Q1974503;
Q1194689;
Q7833614;
Q17108701;
Q256290;
Q706946;
Q1576779;
Q6954097;
Q8042415;
Q291090;
Q2004078;
Q7165001;
Q7893967;
Q101983981;
Q274361;
Q8025339;
Q858957;
Q5013072;
Q697311;
Q6586966;
Q680776;
Q3216588;
Q1768082;
Q30645592;
Q65073369;
Q60745531;
Q1790346;
Q3067064;
Q106253502;
Q7987107;
Q1136;
Q10916756;
Q295118;
Q7945866;
Q4854129;
Q15919901;
Q16251015;
Q106221634;
Q3216600;
Q1814247;
Q1778084;
Q1139707;
Q624080;
Q4648219;
Q7503476;
Q2904021;
Q18342621;
Q2825507;
Q11723118;
Q11301063;
Q1049080;
Q744683;
Q2882085;
Q22074922;
Q973054;
Q921689;
Q1419532;
Q20648697;
Q5197666;
Q1536176;
Q6488962;
Q12430250;
Q3400900;
Q7742790;
Q28415452;
Q11293432;
Q126362712;
Q17212489;
Q2831861;
Q608518;
Q5615528;
Q7814310;
Q7308000;
Q5025803;
Q4835754;
Q327429;
Q753685;
Q5310570;
Q728185;
Q30326165;
Q1590386;
Q30682229;
Q16510360;
Q5037190;
Q763637;
Q6015591;
Q8074134;
Q30324333;
Q5422801;
Q650259;
Q4688912;
Q899022;
Q19873469;
Q16984071;
Q7377461;
Q1665336;
Q739000;
Q18378048;
Q812142;
Q727161;
Q291171;
Q5151691;
Q18169198;
Q7707945;
Q1157716;
Q1321815;
Q20711490;
Q5287613;
Q296498;
Q7181252;
Q106024170;
Q152864;
Q5576812;
Q3047407;
Q17086814;
Q21158111;
Q2962826;
Q502509;
Q541076;
Q11084240;
Q1452068;
Q119991;
Q712863;
Q747265;
Q7706196;
Q3482319;
Q1345267;
Q1807170;
Q1127887;
Q18746438;
Q1501630;
Q806689;
Q4844439;
Q20486949;
Q6533918;
Q85751038;
Q33959;
Q694107;
Q5969591;
Q3633485;
Q327247;
Q861340;
Q176712;
Q1275613;
Q3319685;
Q2882611;
Q170322;
Q8071921;
Q862303;
Q4780321;
Q416624;
Q4783214;
Q5454753;
Q29025524;
Q105966435;
Q648458;
Q50912;
Q10921598;
Q97164583;
Q6550657;
Q13403399;
Q15926208;
Q8774;
Q296647;
Q28130158;
Q29803;
Q56289814;
Q1138291;
Q6750540;
Q17056290;
Q2501256;
Q202210;
Q5082076;
Q5105515;
Q212599;
Q39046155;
Q3116307;
Q5943259;
Q1550888;
Q2748049;
Q291796;
Q111546;
Q297996;
Q796297;
Q27331643;
Q2945643;
Q1856518;
Q380473;
Q19866242;
Q5139058;
Q918206;
Q11306218;
Q1994975;
Q546880;
Q6819305;
Q842108;
Q4743779;
Q4855976;
Q30298154;
Q267417;
Q16738121;
Q30281842;
Q5329659;
Q5434486;
Q25831309;
Q1318049;
Q217599;
Q2894362;
Q837533;
Q3546423;
Q2070689;
Q5192200;
Q3029296;
Q11681461;
Q15924407;
Q1022075;
Q828445;
Q7696143;
Q5638920;
Q3719328;
Q472536;
Q20756653;
Q1792238;
Q10535326;
Q11180568;
Q7658810;
Q1703389;
Q26954687;
Q1136085;
Q339598;
Q183184;
Q2274089;
Q7663566;
Q1975799;
Q25303121;
Q158888;
Q3630923;
Q2331913;
Q11694239;
Q1703203;
Q7257522;
Q109539474;
Q4022370;
Q45700;
Q3305280;
Q473513;
Q2620239;
Q7858039;
Q1352708;
Q6452254;
Q24110304;
Q441821;
Q12988589;
Q3745690;
Q7081342;
Q143435;
Q18712620;
Q18552286;
Q1638448;
Q3130;
Q1022711;
Q324846;
Q962591;
Q96378897;
Q16828730;
Q29274;
Q1551220;
Q5009635;
Q19604459;
Q259013;
Q2734260;
Q431454;
Q809018;
Q847484;
Q935059;
Q1506638;
Q4901117;
Q18344949;
Q123178249;
Q125028873;
Q184296;
Q1410137;
Q96186528;
Q2274634;
Q409907;
Q621071;
Q7645042;
Q55610325;
Q1302944;
Q3108236;
Q136778;
Q503077;
Q4323030;
Q486737;
Q2777129;
Q685533;
Q24835046;
Q120435068;
Q104876658;
Q30283915;
Q460446;
Q25831370;
Q698504;
Q986752;
Q1537901;
Q492581;
Q7307899;
Q3268530;
Q315287;
Q1685648;
Q2040394;
Q339318;
Q1407601;
Q15995436;
Q926699;
Q1053348;
Q104177614;
Q65085822;
Q420822;
Q4035237;
Q842437;
Q820239;
Q2216770;
Q7654795;
Q1094313;
Q386414;
Q1091203;
Q10600414;
Q563107;
Q7752327;
Q11189379;
Q952281;
Q502125;
Q72539;
Q1402563;
Q4822431;
Q3182097;
Q5189378;
Q625708;
Q2003789;
Q720489;
Q7827044;
Q4046573;
Q4836852;
Q7170401;
Q136542;
Q55610796;
Q5895075;
Q787044;
Q8049138;
Q385775;
Q619364;
Q6943861;
Q30288442;
Q420506;
Q779252;
Q5099833;
Q383931;
Q7241778;
Q7389686;
Q17499655;
Q56064084;
Q65178219;
Q123695085;
Q9684;
Q1813910;
Q392338;
Q747207;
Q10425193;
Q26110522;
Q590113;
Q627018;
Q7616390;
Q42260199;
Q1857639;
Q4810399;
Q15908529;
Q7374224;
Q503038;
Q1419446;
Q7392815;
Q5099882;
Q3633712;
Q28155261;
Q3268422;
Q16639197;
Q1104787;
Q27988152;
Q1619375;
Q776750;
Q1886831;
Q2025791;
Q104188375;
Q5531627;
Q4048013;
Q17084959;
Q7561817;
Q7581369;
Q919935;
Q905086;
Q10876574;
Q8071259;
Q5182000;
Q276557;
Q5972314;
Q42893706;
Q1515039;
Q1813361;
Q11242597;
Q309084;
Q1325369;
Q3803598;
Q649178;
Q892498;
Q477222;
Q434017;
Q11388563;
Q6776398;
Q5416929;
Q19604577;
Q3373979;
Q7243481;
Q5531960;
Q7949044;
Q1157511;
Q6422289;
Q3107966;
Q10319490;
Q1024514;
Q15304350;
Q4049943;
Q484117;
Q16183878;
Q962489;
Q732670;
Q60003;
Q14428;
Q76846862;
Q726193;
Q493145;
Q5627344;
Q457912;
Q5612177;
Q806206;
Q3197950;
Q501476;
Q16172809;
Q710318;
Q5064245;
Q10357101;
Q1265971;
Q5472859;
Q10915565;
Q1142890;
Q73533905;
Q5597139;
Q5985017;
Q3117577;
Q1113213;
Q63035278;
Q23133268;
Q7074787;
Q4949250;
Q5533602;
Q5916173;
Q1142797;
Q53293;
Q5427196;
Q2904022;
Q806167;
Q53308720;
Q1204510;
Q109701861;
Q1816028;
Q9325;
Q261288;
Q104479983;
Q1476710;
Q6157781;
Q691508;
Q1515558;
Q116784682;
Q7571413;
Q55622230;
Q6079763;
Q792735;
Q5570946;
Q135325;
Q7825574;
Q152096;
Q7129613;
Q1423218;
Q5533666;
Q5133094;
Q940518;
Q127962;
Q653581;
Q944608;
Q238602;
Q3632550;
Q130309;
Q5206214;
Q168115;
Q6108019;
Q806808;
Q24197334;
Q4677870;
Q692083;
Q7220966;
Q1371239;
Q918208;
Q2547786;
Q7156760;
Q1156210;
Q1516562;
Q1537811;
Q19854317;
Q55080120;
Q8273105;
Q1680777;
Q3461686;
Q3530250;
Q4781544;
Q985475;
Q2373167;
Q112190423;
Q16249409;
Q5331498;
Q109619691;
Q5317253;
Q107519429;
Q446895;
Q105624046;
Q32396;
Q1340408;
Q30287750;
Q2392255;
Q19321885;
Q901886;
Q3009498;
Q142539;
Q1018375;
Q873478;
Q5690370;
Q825943;
Q33570421;
Q17054333;
Q1739782;
Q3003175;
Q17998980;
Q5972276;
Q933766;
Q292292;
Q5152411;
Q55696290;
Q753801;
Q29026082;
Q5204483;
Q1361648;
Q7783088;
Q23679985;
Q501376;
Q5279891;
Q7968118;
Q5099926;
Q106301677;
Q18151094;
Q1497417;
Q12218659;
Q286214;
Q544532;
Q806483;
Q10906621;
Q119844805;
Q17082992;
Q581010;
Q3595390;
Q301492;
Q5452232;
Q23745600;
Q283852;
Q6893780;
Q5513791;
Q844805;
Q30280160;
Q213140;
Q720484;
Q225440;
Q10400997;
Q45938;
Q1309851;
Q1969091;
Q7064069;
Q29469208;
Q15177997;
Q15114;
Q4207208;
Q7186887;
Q6647881;
Q54621572;
Q673327;
Q22031467;
Q1067998;
Q1435702;
Q1121216;
Q18474582;
Q17512182;
Q56582970;
Q7885208;
Q1353939;
Q28027517;
Q1742118;
Q20311412;
Q5962598;
Q3077586;
Q21463167;
Q309865;
Q11436136;
Q5061633;
Q112038007;
Q522617;
Q11330273;
Q4894819;
Q30743789;
Q7893954;
Q3127437;
Q7836817;
Q17078090;
Q1091783;
Q962865;
Q5099856;
Q1160928;
Q746365;
Q292428;
Q46730;
Q2157448;
Q1114148;
Q22079531;
Q1368919;
Q2036530;
Q7262683;
Q634855;
Q32141;
Q2207629;
Q5643474;
Q490142;
Q136570;
Q2751701;
Q5971034;
Q571779;
Q6485221;
Q485908;
Q32491;
Q111142424;
Q7762363;
Q96407440;
Q112100087;
Q502344;
Q1789944;
Q16255113;
Q1196745;
Q874182;
Q7201095;
Q2140443;
Q18228597;
Q6038080;
Q1524197;
Q268784;
Q1450805;
Q2974454;
Q1189945;
Q16986288;
Q2007090;
Q3118234;
Q2004439;
Q106631196;
Q1671741;
Q23384493;
Q11464265;
Q16885315;
Q902109;
Q4865759;
Q205378;
Q17027991;
Q784804;
Q5503081;
Q1332242;
Q2395390;
Q5419989;
Q841220;
Q1541079;
Q4967421;
Q16988436;
Q105222736;
Q30283314;
Q3088553;
Q2059537;
Q549181;
Q1662683;
Q11290802;
Q279847;
Q152695;
Q60788291;
Q5506152;
Q903328;
Q6398263;
Q27988145;
Q279978;
Q2127528;
Q7229656;
Q715113;
Q7276947;
Q104844406;
Q2761303;
Q951259;
Q5374063;
Q5166105;
Q15845093;
Q3540193;
Q15931251;
Q3072532;
Q339142;
Q5071627;
Q39938677;
Q15922559;
Q250362;
Q6648755;
Q1430331;
Q333498;
Q2882083;
Q794200;
Q549127;
Q1802165;
Q11242714;
Q1630246;
Q22661749;
Q35996;
Q28407181;
Q56064089;
Q11340607;
Q1765036;
Q7893816;
Q106581385;
Q213147;
Q591090;
Q494158;
Q5152510;
Q107518109;
Q2363991;
Q207770;
Q1539149;
Q16161254;
Q442018;
Q11512295;
Q23680018;
Q2819236;
Q188954;
Q7196294;
Q4835429;
Q506160;
Q7582097;
Q5871641;
Q48729722;
Q85816338;
Q106240682;
Q107348258;
Q3146728;
Q1374315;
Q7544153;
Q5455836;
Q7179027;
Q885589;
Q1168517;
Q7432601;
Q1872227;
Q1711120;
Q28685083;
Q18616140;
Q60749208;
Q7088304;
Q56811344;
Q3783414;
Q101209850;
Q7385192;
Q7830633;
Q6715339;
Q3508889;
Q106221710;
Q621096;
Q3343495;
Q16836218;
Q61125462;
Q22907412;
Q4947278;
Q3764687;
Q836984;
Q1132272;
Q28444592;
Q2162158;
Q5147194;
Q1071712;
Q1032400;
Q6818611;
Q7250893;
Q872140;
Q662174;
Q104481026;
Q1054327;
Q11233609;
Q792486;
Q106301464;
Q631507;
Q5420252;
Q353494;
Q12218587;
Q3706466;
Q7399082;
Q55454104;
Q1007000;
Q15940141;
Q2330976;
Q1476377;
Q585314;
Q25485094;
Q700974;
Q5048400;
Q185564;
Q657648;
Q3817709;
Q680802;
Q7939276;
Q934796;
Q1075788;
Q15822351;
Q2261455;
Q4807838;
Q6819538;
Q4699029;
Q16950815;
Q18205529;
Q702550;
Q2494842;
Q68240;
Q469553;
Q6095481;
Q54075;
Q2894569;
Q16122251;
Q535517;
Q1742326;
Q1640639;
Q22062628;
Q30269384;
Q28220268;
Q104834489;
Q96134944;
Q16531742;
Q30325409;
Q741445;
Q178778;
Q901262;
Q903957;
Q7020906;
Q902171;
Q5152058;
Q108672557;
Q263700;
Q368181;
Q144617;
Q7333751;
Q586260;
Q16979157;
Q1605646;
Q5375992;
Q3973262;
Q7084595;
Q17997679;
Q1192667;
Q17077936;
Q2004304;
Q63993524;
Q55632076;
Q1816543;
Q936040;
Q878404;
Q4950583;
Q7912506;
Q28226309;
Q1825763;
Q110016619;
Q3246596;
Q1653679;
Q2009139;
Q106240810;
Q667505;
Q459957;
Q1136056;
Q4698062;
Q706198;
Q5184408;
Q4748528;
Q2044983;
Q217667;
Q1197161;
Q7268802;
Q5045738;
Q7687803;
Q96472523;
Q17058554;
Q632030;
Q2205903;
Q23807959;
Q2040151;
Q10293878;
Q141644;
Q498120;
Q7410186;
Q857015;
Q3100507;
Q6458611;
Q5616988;
Q16984687;
Q21178908;
Q12179266;
Q3377840;
Q109979847;
Q1272525;
Q27907429;
Q487694;
Q64174304;
Q25103691;
Q18386006;
Q2393592;
Q1400073;
Q114820617;
Q811857;
Q1053372;
Q124054377;
Q23781052;
Q905998;
Q5507690;
Q7865507;
Q676882;
Q2923022;
Q7571280;
Q822614;
Q136672;
Q5324689;
Q17509919;
Q6715200;
Q25245550;
Q104480239;
Q1207494;
Q124665205;
Q2213203;
Q20829802;
Q457960;
Q11506946;
Q11081129;
Q12859164;
Q13118486;
Q875920;
Q7440621;
Q545579;
Q670100;
Q4263139;
Q20981515;
Q4806355;
Q792500;
Q6669750;
Q3785095;
Q6326486;
Q1280748;
Q25775;
Q17562023;
Q104480308;
Q2913554;
Q20539356;
Q3316188;
Q1067634;
Q7160600;
Q750124;
Q2757144;
Q2335199;
Q629269;
Q19571615;
Q7796068;
Q921159;
Q105557;
Q689446;
Q11590183;
Q124733752;
Q806607;
Q3274789;
Q681316;
Q1122965;
Q912476;
Q54621598;
Q821058;
Q5303699;
Q17219597;
Q23680064;
Q4652383;
Q5426765;
Q1654264;
Q643578;
Q919646;
Q7562151;
Q106621124;
Q2453426;
Q630125;
Q5424523;
Q6954477;
Q113503453;
Q15109910;
Q2466256;
Q20191937;
Q8082554;
Q107185599;
Q30272312;
Q292374;
Q919300;
Q16966786;
Q689750;
Q891797;
Q60742531;
Q125341910;
Q28402394;
Q15913812;
Q117021902;
Q1939336;
Q4049388;
Q5152506;
Q2852632;
Q6715131;
Q206277;
Q12339568;
Q5412010;
Q24259;
Q940421;
Q7280290;
Q5048636;
Q994153;
Q920000;
Q1142823;
Q326345;
Q3633705;
Q4672868;
Q6869102;
Q2998228;
Q185339;
Q1781308;
Q65180652;
Q5987232;
Q106238343;
Q450100;
Q2283407;
Q22907757;
Q2729871;
Q2909088;
Q11524212;
Q5462295;
Q7427161;
Q4829076;
Q4830196;
Q20708654;
Q19730939;
Q3674725;
Q51756;
Q7449144;
Q7359845;
Q1569558;
Q17036182;
Q32999;
Q1783279;
Q110186196;
Q104480207;
Q3310113;
Q85739464;
Q5923178;
Q21843099;
Q620398;
Q1549526;
Q4803735;
Q2902305;
Q686785;
Q1112588;
Q668091;
Q3079736;
Q47508523;
Q101606525;
Q1148521;
Q21236526;
Q74877;
Q2783191;
Q671877;
Q6301764;
Q17080741;
Q18397448;
Q24946938;
Q2047781;
Q104481262;
Q2398881;
Q417391;
Q22674048;
Q5030657;
Q592765;
Q7316207;
Q4041316;
Q191551;
Q7995089;
Q483006;
Q6717732;
Q39075113;
Q7059529;
Q4789628;
Q12333528;
Q12199341;
Q5491478;
Q5169368;
Q7829730;
Q6648506;
Q708789;
Q587270;
Q5568612;
Q55631029;
Q836569;
Q7231939;
Q114367372;
Q5956430;
Q1579222;
Q3530370;
Q192814;
Q4887077;
Q36033;
Q1128439;
Q23680081;
Q2090767;
Q6026960;
Q101246646;
Q25388942;
Q1414111;
Q1433279;
Q56247007;
Q16920636;
Q11463459;
Q211237;
Q30286728;
Q5520412;
Q118132159;
Q16980281;
Q1203426;
Q43386;
Q19647854;
Q1345059;
Q8060442;
Q276345;
Q28170073;
Q12201570;
Q33129672;
Q11201250;
Q7810035;
Q1549511;
Q106457791;
Q7299366;
Q512753;
Q37614;
Q21021580;
Q694257;
Q3562323;
Q3278352;
Q11188787;
Q7009312;
Q22032296;
Q106253755;
Q4724337;
Q4206859;
Q106239511;
Q96375437;
Q185125;
Q861042;
Q705337;
Q17183462;
Q702895;
Q20486915;
Q3140604;
Q7040930;
Q787714;
Q4650685;
Q106314555;
Q7496874;
Q597258;
Q4674469;
Q1491819;
Q1341588;
Q7834757;
Q1341590;
Q4727688;
Q371901;
Q6708384;
Q5642504;
Q2990064;
Q1013412;
Q3370152;
Q3804082;
Q7934906;
Q13636126;
Q65163023;
Q12184641;
Q24204297;
Q3488995;
Q3304900;
Q5647025;
Q11354626;
Q294520;
Q1544339;
Q3552193;
Q390107;
Q207472;
Q5514677;
Q106117057;
Q4780362;
Q7865088;
Q20880554;
Q19882235;
Q4744809;
Q30265954;
Q1993298;
Q6160243;
Q11922225;
Q104480289;
Q4686194;
Q123073702;
Q20403548;
Q974846;
Q4884228;
Q322579;
Q107095686;
Q18156998;
Q50038595;
Q5611081;
Q481356;
Q7512923;
Q9174597;
Q7588412;
Q1575432;
Q3493556;
Q4922539;
Q7166318;
Q4732268;
Q19965935;
Q1660121;
Q105044323;
Q851361;
Q2777497;
Q19572998;
Q7226106;
Q10523797;
Q65478176;
Q28402815;
Q98608948;
Q457822;
Q493094;
Q571092;
Q502470;
Q111342125;
Q5973024;
Q5168189;
Q1482052;
Q4036130;
Q53227;
Q124670561;
Q2874395;
Q902769;
Q905801;
Q104480012;
Q117782453;
Q8069710;
Q4971696;
Q2651469;
Q7124128;
Q65066950;
Q12218618;
Q2842931;
Q3482670;
Q5718183;
Q5766789;
Q5013889;
Q2298492;
Q16927590;
Q188454;
Q27991358;
Q1146772;
Q5928181;
Q3571463;
Q11517421;
Q1404191;
Q832533;
Q105966359;
Q509062;
Q15913890;
Q15939523;
Q63676925;
Q16306121;
Q7575238;
Q107623842;
Q1034651;
Q6990264;
Q97174244;
Q2;
Q96472577;
Q694872;
Q19898508;
Q1124060;
Q124060486;
Q17192733;
Q7391016;
Q4671380;
Q426583;
Q137803;
Q1713696;
Q110072171;
Q2449642;
Q7370594;
Q106253770;
Q586665;
Q3153545;
Q2868739;
Q486013;
Q58219492;
Q54933259;
Q1937503;
Q1058722;
Q1407658;
Q30288872;
Q20908850;
Q6955984;
Q28016149;
Q1756878;
Q1439934;
Q96386259;
Q22671405;
Q3403981;
Q2357618;
Q19840382;
Q16983192;
Q5035431;
Q29561080;
Q65081224;
Q12474504;
Q99510294;
Q54621936;
Q1661823;
Q6064951;
Q106599766;
Q1141882;
Q16259060;
Q1140807;
Q4686051;
Q824122;
Q104081972;
Q6021736;
Q4040441;
Q1477156;
Q2286044;
Q6048685;
Q894558;
Q812131;
Q2527746;
Q536228;
Q207784;
Q174310;
Q7098994;
Q1218180;
Q6517792;
Q9093556;
Q637440;
Q105038141;
Q743391;
Q8080180;
Q1728446;
Q30260732;
Q3696881;
Q30283245;
Q24915031;
Q1571490;
Q53308751;
Q16980871;
Q499922;
Q447403;
Q3389022;
Q946370;
Q5178840;
Q488470;
Q2071102;
Q1100424;
Q83584;
Q7313261;
Q104480010;
Q27150140;
Q5617385;
Q1321914;
Q2943678;
Q16980616;
Q806679;
Q3631479;
Q7135348;
Q7041111;
Q6723256;
Q20630716;
Q5011660;
Q385426;
Q2331365;
Q77024439;
Q12594201;
Q686176;
Q2838738;
Q6676072;
Q5651426;
Q406456;
Q47016300;
Q2336380;
Q5279096;
Q15652240;
Q430745;
Q2559267;
Q21196367;
Q773662;
Q11656239;
Q1472539;
Q5788912;
Q11509624;
Q13529431;
Q106294877;
Q17114199;
Q5612176;
Q5578424;
Q1759946;
Q1544312;
Q98424095;
Q10905299;
Q28782856;
Q625647;
Q1490400;
Q1457152;
Q5280285;
Q21639712;
Q3930665;
Q5221859;
Q2188613;
Q1022921;
Q689791;
Q5263338;
Q3964165;
Q154387;
Q22909318;
Q1347990;
Q25245312;
Q7119849;
Q4937270;
Q5696498;
Q2869596;
Q853619;
Q7989616;
Q4708382;
Q6686758;
Q18636413;
Q11302127;
Q30595887;
Q11508771;
Q400384;
Q640497;
Q7075640;
Q4742102;
Q20823075;
Q7413176;
Q15734041;
Q17052116;
Q22026369;
Q112148746;
Q4654917;
Q4650338;
Q105602379;
Q1232862;
Q7588561;
Q6970886;
Q79457;
Q30286114;
Q917717;
Q977120;
Q7240461;
Q19757718;
Q917487;
Q48977470;
Q16840288;
Q1884246;
Q121816947;
Q705664;
Q7451039;
Q1032408;
Q3446514;
Q3121014;
Q113530745;
Q97230177;
Q102286383;
Q4809155;
Q2505734;
Q4791147;
Q474565;
Q16858667;
Q4738904;
Q11231060;
Q108102609;
Q4652322;
Q4838903;
Q15109891;
Q491627;
Q2528284;
Q7315774;
Q11304138;
Q65083539;
Q50037774;
Q10948835;
Q5036370;
Q3488279;
Q16013760;
Q1825668;
Q12218673;
Q110269968;
Q2062132;
Q945521;
Q5453428;
Q30264118;
Q12301123;
Q7053620;
Q6163869;
Q5450912;
Q124668353;
Q6044894;
Q11815580;
Q567371;
Q113510355;
Q85612002;
Q106294955;
Q92546757;
Q637474;
Q5508431;
Q15790943;
Q5183828;
Q7887635;
Q17093186;
Q7178875;
Q289704;
Q11607095;
Q1785549;
Q686182;
Q55360040;
Q96387060;
Q30640316;
Q28873239;
Q6772994;
Q20502068;
Q65436865;
Q4874958;
Q4906703;
Q6743966;
Q18636342;
Q106301317;
Q5060704;
Q6026518;
Q5453107;
Q23198401;
Q21189117;
Q666703;
Q2316809;
Q85754829;
Q45557;
Q5969799;
Q825159;
Q7682888;
Q1631623;
Q4854030;
Q7163201;
Q17510106;
Q16982326;
Q1691821;
Q1672300;
Q119285050;
Q97498243;
Q6332463;
Q6328340;
Q24204272;
Q110443096;
Q137910;
Q41590812;
Q4931458;
Q333025;
Q2504058;
Q5315020;
Q6929120;
Q1305960;
Q491489;
Q117169721;
Q106295182;
Q43303430;
Q1675427;
Q7067712;
Q37951;
Q5440684;
Q22000919;
Q96145483;
Q113840664;
Q104845916;
Q2995071;
Q17077257;
Q2031485;
Q11318827;
Q16733729;
Q1811384;
Q11327365;
Q2876788;
Q28233052;
Q20652338;
Q11074158;
Q25245477;
Q768501;
Q203386;
Q39052929;
Q18656;
Q30253570;
Q5595849;
Q1881288;
Q5970065;
Q7730196;
Q1106938;
Q525955;
Q6715705;
Q12218584;
Q899395;
Q824278;
Q6409886;
Q110360228;
Q7638158;
Q43895541;
Q2383552;
Q125862778;
Q29526078;
Q6918149;
Q17183768;
Q335147;
Q1665653;
Q5505773;
Q188273;
Q1022419;
Q27146006;
Q1305281;
Q228365;
Q18636409;
Q2005282;
Q16974884;
Q69109255;
Q483036;
Q76486914;
Q1419453;
Q1576915;
Q4828988;
Q2376015;
Q16171192;
Q2046830;
Q11899913;
Q5970945;
Q7334682;
Q18636593;
Q7168146;
Q20714950;
Q3278449;
Q1502712;
Q491114;
Q3072937;
Q3425637;
Q12218575;
Q1700871;
Q1465005;
Q16846299;
Q5086953;
Q125886451;
Q107705824;
Q185651;
Q7829632;
Q43338678;
Q7824764;
Q1966372;
Q667599;
Q2053387;
Q30260263;
Q124624329;
Q18746441;
Q1280101;
Q4042227;
Q63993633;
Q23018189;
Q5099698;
Q3999691;
Q17039222;
Q4042172;
Q4671580;
Q22121872;
Q28679415;
Q17175654;
Q6569399;
Q5244154;
Q50812453;
Q1671273;
Q1114318;
Q384409;
Q109291018;
Q7197697;
Q2910597;
Q15793795;
Q1138452;
Q663679;
Q17050423;
Q487215;
Q11288684;
Q112659289;
Q99036143;
Q106642135;
Q309202;
Q104481192;
Q48816497;
Q5969562;
Q11528430;
Q7558993;
Q1359435;
Q199296;
Q5058279;
Q461595;
Q126372527;
Q30298277;
Q26794476;
Q20667333;
Q65212259;
Q96401486;
Q10959162;
Q30269284;
Q1111020;
Q5069494;
Q804920;
Q111482806;
Q771865;
Q499104;
Q568406;
Q24913555;
Q1770710;
Q106596505;
Q752084;
Q2299611;
Q64141679;
Q30693638;
Q1150535;
Q4856052;
Q7242563;
Q658173;
Q1666331;
Q7905686;
Q830608;
Q541277;
Q23090931;
Q72282308;
Q19379243;
Q654950;
Q54335808;
Q7842860;
Q6031376;
Q5592537;
Q6715038;
Q65073425;
Q17152633;
Q20984365;
Q7221157;
Q967265;
Q16824426;
Q2286374;
Q386193;
Q113558949;
Q4994121;
Q7120959;
Q824579;
Q1423707;
Q5092882;
Q30281437;
Q32788516;
Q407237;
Q741046;
Q21019721;
Q12184633;
Q105563992;
Q7073021;
Q4741030;
Q12487405;
Q27436259;
Q60748766;
Q54621493;
Q4875704;
Q10429625;
Q2920445;
Q320364;
Q7696488;
Q411528;
Q4692553;
Q7971859;
Q21693482;
Q107175522;
Q7573540;
Q3836;
Q22121865;
Q116319;
Q814989;
Q7983382;
Q20427325;
Q9257464;
Q4856124;
Q30283982;
Q30262877;
Q19879710;
Q113322310;
Q7917807;
Q3331496;
Q15031115;
Q12182356;
Q24282966;
Q5047083;
Q2837996;
Q5593525;
Q56585268;
Q16984188;
Q689475;
Q20387483;
Q1275301;
Q505922;
Q15176605;
Q658635;
Q35689887;
Q1536068;
Q1478665;
Q7248737;
Q4979671;
Q17145997;
Q15966759;
Q11301895;
Q26832896;
Q54621387;
Q18393680;
Q104480282;
Q2814507;
Q1131297;
Q1882061;
Q114185788;
Q1763505;
Q27150187;
Q39055285;
Q63335;
Q4855887;
Q19604609;
Q21072695;
Q682992;
Q944760;
Q55504379;
Q467834;
Q20713915;
Q1655409;
Q1641403;
Q806665;
Q4140545;
Q30588251;
Q946607;
Q122308269;
Q85770729;
Q7577375;
Q1584018;
Q30850;
Q4120212;
Q5609934;
Q64187080;
Q124743716;
Q54621469;
Q3064071;
Q125352505;
Q2450664;
Q101066885;
Q1885661;
Q121144741;
Q5635303;
Q1200840;
Q11702600;
Q3561692;
Q106411773;
Q3347694;
Q278810;
Q7824332;
Q48989804;
Q2448801;
Q11188921;
Q785661;
Q875603;
Q18635265;
Q538203;
Q2302402;
Q848336;
Q3459777;
Q483593;
Q1236521;
Q2461960;
Q5453009;
Q111387847;
Q16996714;
Q6458324;
Q106634150;
Q105968387;
Q118905009;
Q877766;
Q1202533;
Q48803019;
Q85769888;
Q4861529;
Q1184087;
Q7123128;
Q31840389;
Q19903338;
Q1066769;
Q123023862;
Q126916810;
Q2443143;
Q1502794;
Q8069225;
Q7156870;
Q17082977;
Q117461845;
Q28133993;
Q4670151;
Q2709101;
Q4657474;
Q417431;
Q123269714;
Q12583025;
Q11496515;
Q7555837;
Q1553005;
Q934224;
Q161086;
Q1136433;
Q92526;
Q30288549;
Q113642692;
Q21198484;
Q18888623;
Q2840309;
Q48818116;
Q4671583;
Q18339236;
Q115691206;
Q58218811;
Q6479764;
Q85996216;
Q812002;
Q17114124;
Q619230;
Q39052252;
Q118728200;
Q97498233;
Q6373724;
Q16992684;
Q5337641;
Q35587063;
Q7921363;
Q120877642;
Q6733100;
Q18354941;
Q7783585;
Q11301445;
Q1117761;
Q6864251;
Q7168080;
Q2285090;
Q6020258;
Q55735496;
Q21944374;
Q7489772;
Q16958009;
Q4921980;
Q23010910;
Q12474471;
Q6019234;
Q1562826;
Q1548712;
Q74982656;
Q107457363;
Q70574;
Q7968882;
Q1604631;
Q3509762;
Q934794;
Q114809284;
Q295261;
Q5453261;
Q1859143;
Q324029;
Q15727302;
Q10458056;
Q4356297;
Q6674267;
Q3123085;
Q851302;
Q4827929;
Q1045842;
Q12334747;
Q583242;
Q110422580;
Q5257824;
Q5439999;
Q7523039;
Q22079514;
Q1646597;
Q7267108;
Q489469;
Q19884156;
Q18619982;
Q11301924;
Q757695;
Q7982077;
Q48743554;
Q3208192;
Q2035375;
Q125778004;
Q113503520;
Q16132468;
Q17072200;
Q524989;
Q628556;
Q1815030;
Q5706267;
Q7205253;
Q30284020;
Q125003256;
Q7561788;
Q5610630;
Q1382629;
Q104480948;
Q943681;
Q7921589;
Q107400411;
Q4045074;
Q30267502;
Q5205861;
Q5453243;
Q112914077;
Q5377917;
Q18149200;
Q6389509;
Q7236078;
Q25857926;
Q16985758;
Q7801391;
Q4402290;
Q3147573;
Q5599804;
Q2151534;
Q445858;
Q11121670;
Q6794502;
Q5404741;
Q3492619;
Q11319206;
Q214683;
Q621645;
Q122912986;
Q3482752;
Q108269312;
Q5656834;
Q4523181;
Q7179258;
Q17086972;
Q450403;
Q7102329;
Q48976818;
Q4039380;
Q688489;
Q54969063;
Q5379060;
Q27017119;
Q55645212;
Q107244796;
Q60754808;
Q2397198;
Q217338;
Q2120877;
Q5177291;
Q19903465;
Q3359908;
Q1540745;
Q12727645;
Q6818651;
Q12428554;
Q915496;
Q1573491;
Q16901705;
Q7122305;
Q5091458;
Q7709167;
Q17141393;
Q481472;
Q6973020;
Q6348146;
Q7615829;
Q2723182;
Q169167;
Q106221884;
Q112085354;
Q107736672;
Q1192805;
Q48928421;
Q6326643;
Q106764228;
Q51137086;
Q21233433;
Q376186;
Q16981100;
Q18586646;
Q1368019;
Q5647768;
Q869633;
Q7118693;
Q7416970;
Q4734296;
Q59165;
Q1243964;
Q890098;
Q7980370;
Q2034659;
Q13529435;
Q6729763;
Q4856910;
Q600375;
Q112191180;
Q5517961;
Q4928282;
Q2527380;
Q7713699;
Q60753949;
Q186125;
Q2670967;
Q22674043;
Q3799436;
Q61933493;
Q929700;
Q98807019;
Q7983629;
Q12218559;
Q61934485;
Q180106;
Q2849985;
Q690966;
Q1780407;
Q7907548;
Q7381282;
Q104765127;
Q16304435;
Q7935247;
Q30289146;
Q2944193;
Q19903490;
Q1489206;
Q120149817;
Q952374;
Q113503532;
Q7887664;
Q106640320;
Q7187948;
Q7394894;
Q11959708;
Q17095096;
Q127515005;
Q1868179;
Q25348971;
Q4836728;
Q1770068;
Q5270883;
Q7243076;
Q28222763;
Q7697923;
Q104664954;
Q85766647;
Q54621517;
Q12482376;
Q27074;
Q16994021;
Q20715093;
Q7738224;
Q4928875;
Q6807934;
Q3151374;
Q124039716;
Q19903345;
Q7115371;
Q7669310;
Q61934714;
Q12624131;
Q1427303;
Q381668;
Q8025558;
Q111941633;
Q1407462;
Q4855913;
Q104425890;
Q685018;
Q1911924;
Q6517346;
Q1342350;
Q213849;
Q5469210;
Q2040264;
Q6391583;
Q30269121;
Q61125214;
Q6131430;
Q30297884;
Q1059709;
Q7447660;
Q4848822;
Q28858523;
Q47462183;
Q1220078;
Q5616995;
Q20708193;
Q4774435;
Q8027406;
Q7573573;
Q981342;
Q5228205;
Q2890701;
Q47099;
Q122947676;
Q40165577;
Q39046209;
Q5596728;
Q5962271;
Q5652261;
Q17085208;
Q294721;
Q7925566;
Q22079533;
Q97041838;
Q11325464;
Q864842;
Q1135278;
Q479167;
Q4805689;
Q6029685;
Q2759586;
Q7754361;
Q13017045;
Q55614507;
Q477875;
Q7385191;
Q3344170;
Q6348410;
Q124249546;
Q7918631;
Q55614037;
Q1835079;
Q63741417;
Q16957455;
Q123112141;
Q3742240;
Q7060191;
Q6822267;
Q1241369;
Q5532825;
Q217493;
Q30281797;
Q152433;
Q187212;
Q4886950;
Q106411777;
Q60480286;
Q4796496;
Q8075320;
Q3929528;
Q114593513;
Q5616571;
Q1337797;
Q4974387;
Q124723674;
Q11508222;
Q670019;
Q11282086;
Q5322388;
Q3743456;
Q47457075;
Q16993447;
Q119781817;
Q17123663;
Q7118809;
Q1436646;
Q7573582;
Q17109683;
Q6750663;
Q85873213;
Q4857049;
Q107520260;
Q5358574;
Q246946;
Q22909162;
Q107485902;
Q5765159;
Q109369035;
Q15614925;
Q2142624;
Q6955989;
Q104480022;
Q3964;
Q1135601;
Q6998317;
Q662664;
Q896924;
Q58009635;
Q4738898;
Q7903503;
Q19653259;
Q56290057;
Q148;
Q20061707;
Q779182;
Q7577810;
Q5452333;
Q4914611;
Q7877165;
Q60740820;
Q1355854;
Q483938;
Q39055177;
Q625391;
Q56441052;
Q51570147;
Q6760925;
Q16159478;
Q2382257;
Q1074968;
Q7983798;
Q113503877;
Q18156830;
Q19339767;
Q1051289;
Q838212;
Q4596612;
Q57593821;
Q7927590;
Q121144715;
Q6032595;
Q3013267;
Q1762174;
Q3648653;
Q5024089;
Q30284775;
Q1022796;
Q3482689;
Q108888216;
Q30281841;
Q30269416;
Q19605389;
Q5046846;
Q1033165;
Q1862723;
Q7430576;
Q833474;
Q30254508;
Q31838602;
Q96397546;
Q50039488;
Q6552749;
Q27065;
Q30637022;
Q30259425;
Q7813461;
Q28048853;
Q7440212;
Q1671281;
Q28126803;
Q1331615;
Q5185100;
Q108660886;
Q30256960;
Q98399017;
Q108666978;
Q15507516;
Q7848008;
Q6398722;
Q104480278;
Q4745391;
Q24960003;
Q732663;
Q11573581;
Q30295028;
Q5070020;
Q293796;
Q16973081;
Q5895858;
Q444971;
Q4115279;
Q5013834;
Q77083018;
Q2325499;
Q30645014;
Q806487;
Q7663801;
Q4568104;
Q19876423;
Q30088072;
Q6995964;
Q568183;
Q7188106;
Q104883038;
Q3033455;
Q12257754;
Q11897034;
Q492747;
Q1848996;
Q7893929;
Q1327429;
Q65171786;
Q1165227;
Q13529447;
Q18154756;
Q1481634;
Q106301980;
Q55649221;
Q7405065;
Q4112833;
Q106411729;
Q110016319;
Q1344;
Q6899066;
Q15918054;
Q22508;
Q7856971;
Q60741157;
Q25103752;
Q572948;
Q20182011;
Q1612593;
Q47488519;
Q1649779;
Q18128427;
Q54970941;
Q11316786;
Q428977;
Q22908338;
Q204296;
Q7135327;
Q108693624;
Q25104482;
Q18395635;
Q16078056;
Q19730073;
Q5470333;
Q23014836;
Q499962;
Q3306372;
Q7811386;
Q6669086;
Q6156951;
Q17078993;
Q3200;
Q217136;
Q7338653;
Q1139541;
Q99518886;
Q841263;
Q117275291;
Q17109642;
Q6970910;
Q22121871;
Q30274063;
Q124724566;
Q580428;
Q431778;
Q124433826;
Q215657;
Q552969;
Q588292;
Q5599085;
Q1356034;
Q803873;
Q2470307;
Q5059257;
Q7598289;
Q490787;
Q2386447;
Q1154660;
Q17068495;
Q125144368;
Q6875625;
Q104480182;
Q106629013;
Q898851;
Q55332320;
Q6824994;
Q3211367;
Q65716607;
Q625852;
Q5750671;
Q16973267;
Q1032353;
Q4733274;
Q63148175;
Q8030548;
Q7942213;
Q18758166;
Q6812076;
Q488510;
Q101429880;
Q6458636;
Q117392567;
Q7067710;
Q7314386;
Q16157155;
Q29467401;
Q104480784;
Q110024715;
Q463337;
Q9360153;
Q2108251;
Q494272;
Q1533296;
Q2042632;
Q34045622;
Q7021239;
Q1087980;
Q599791;
Q7239836;
Q1741993;
Q807964;
Q6029591;
Q6773863;
Q2536827;
Q437469;
Q16986439;
Q7500007;
Q2638120;
Q5618753;
Q1155729;
Q7958645;
Q5375543;
Q22032110;
Q23950198;
Q215392;
Q1422;
Q7265394;
Q494274;
Q16628361;
Q3015082;
Q17027427;
Q7125728;
Q1441532;
Q15908527;
Q48839972;
Q30265893;
Q16997309;
Q5603070;
Q7236674;
Q108837504;
Q579747;
Q7516369;
Q7311108;
Q20990736;
Q12460488;
Q3041540;
Q5586622;
Q605908;
Q115212149;
Q117255831;
Q30259493;
Q5170174;
Q51129237;
Q55611365;
Q7661472;
Q1341306;
Q644289;
Q1538507;
Q30595374;
Q17113791;
Q29002235;
Q395978;
Q5684524;
Q790559;
Q56583577;
Q4763176;
Q30283406;
Q50319073;
Q6216567;
Q4698227;
Q23073960;
Q60828532;
Q253309;
Q124813960;
Q119857276;
Q30265408;
Q2310500;
Q471019;
Q962626;
Q998464;
Q1319601;
Q1925384;
Q107381860;
Q3507748;
Q7272057;
Q47088340;
Q3395741;
Q689256;
Q6019422;
Q51311240;
Q372891;
Q1123957;
Q8072594;
Q10935561;
Q43082307;
Q56276948;
Q106411720;
Q5410132;
Q75256038;
Q116331;
Q122074693;
Q7894082;
Q7692144;
Q2288792;
Q7834865;
Q690374;
Q2264056;
Q5135183;
Q48811497;
Q96099931;
Q4492609;
Q18386600;
Q573604;
Q1654103;
Q110026028;
Q7171798;
Q3272707;
Q25711304;
Q7887485;
Q110723009;
Q30268737;
Q5206064;
Q17320327;
Q5579415;
Q2997693;
Q17138182;
Q3378600;
Q1360087;
Q13423470;
Q3508830;
Q7514392;
Q6872704;
Q2044973;
Q17144598;
Q56244551;
Q4878288;
Q106411735;
Q29026065;
Q10382234;
Q18534474;
Q7611502;
Q5275716;
Q106172055;
Q697492;
Q11325442;
Q113754376;
Q1425103;
Q16980428;
Q5028383;
Q12005331;
Q124662865;
Q7827120;
Q7907050;
Q65043724;
Q3523825;
Q4946293;
Q6718986;
Q17061030;
Q15857244;
Q812055;
Q1653644;
Q4788971;
Q7521341;
Q30271491;
Q2819053;
Q24189633;
Q6972613;
Q16834334;
Q10453570;
Q1616003;
Q112074826;
Q11890629;
Q5130952;
Q26234732;
Q2907743;
Q17143142;
Q104480813;
Q533617;
Q7395020;
Q106238469;
Q12063032;
Q25326524;
Q17152492;
Q3218365;
Q795209;
Q4928758;
Q3051036;
Q19868026;
Q4047232;
Q28232702;
Q5130656;
Q39052983;
Q1538585;
Q7937007;
Q5438082;
Q22079529;
Q61803820;
Q4957288;
Q682144;
Q30647067;
Q3117347;
Q3349469;
Q2000500;
Q5053244;
Q2466238;
Q17011970;
Q316593;
Q1591976;
Q110220617;
Q28405655;
Q7687130;
Q11320473;
Q114457699;
Q12218561;
Q431757;
Q117325434;
Q4353753;
Q7888979;
Q123079889;
Q7427079;
Q11324481;
Q5035870;
Q7840582;
Q7924444;
Q55641346;
Q7305846;
Q30288598;
Q1345971;
Q27963459;
Q6432445;
Q136915;
Q1035964;
Q4049531;
Q4045735;
Q5176149;
Q4854119;
Q25303119;
Q1144473;
Q60745327;
Q1566843;
Q3390797;
Q4849780;
Q7190735;
Q29168045;
Q474383;
Q20979249;
Q98055133;
Q3473098;
Q864194;
Q5376822;
Q113459125;
Q6743395;
Q123943172;
Q119140995;
Q7820365;
Q17114287;
Q19647855;
Q28404490;
Q1560353;
Q104254277;
Q30257139;
Q125447264;
Q30259135;
Q1962059;
Q5487925;
Q7907809;
Q69661954;
Q18394878;
Q107008081;
Q7554405;
Q5608696;
Q2058186;
Q2990586;
Q2298387;
Q5275736;
Q1812660;
Q115258245;
Q7275734;
Q91396922;
Q866289;
Q8053341;
Q106240666;
Q750303;
Q172509;
Q642610;
Q7444830;
Q2255818;
Q5921598;
Q120946412;
Q106411898;
Q5378747;
Q30269281;
Q97041244;
Q19598726;
Q22909601;
Q451851;
Q1881223;
Q6818007;
Q17053399;
Q7316086;
Q14914829;
Q96418958;
Q5639346;
Q7516654;
Q1818970;
Q3170052;
Q1625831;
Q1157767;
Q534903;
Q156376;
Q7638153;
Q96399023;
Q22909101;
Q7246635;
Q1999268;
Q11288661;
Q1064048;
Q7573912;
Q1775875;
Q20313312;
Q356474;
Q3975878;
Q11522610;
Q5950764;
Q36877526;
Q39052992;
Q121142203;
Q5017274;
Q852787;
Q740553;
Q319915;
Q201821;
Q6537727;
Q22948623;
Q2450722;
Q764321;
Q30288466;
Q66823616;
Q17747021;
Q48997475;
Q16968498;
Q1930860;
Q22948668;
Q98713358;
Q3399307;
Q7834879;
Q7122344;
Q482642;
Q106411848;
Q58196677;
Q12982969;
Q17538813;
Q12218594;
Q2300228;
Q109412509;
Q15841030;
Q19744539;
Q7156561;
Q1007089;
Q85852470;
Q124757340;
Q1770478;
Q2840440;
Q54871457;
Q21147357;
Q30688042;
Q30269265;
Q1330701;
Q3437039;
Q5324749;
Q5512854;
Q30339125;
Q456563;
Q211165;
Q17379906;
Q27897909;
Q63385983;
Q969760;
Q3339185;
Q6522339;
Q484143;
Q211951;
Q65251731;
Q65053886;
Q17080682;
Q939816;
Q10605824;
Q1764040;
Q5598232;
Q108462506;
Q104481348;
Q17068419;
Q7848087;
Q106411740;
Q1384984;
Q1133690;
Q30283118;
Q30295325;
Q54958689;
Q30287734;
Q6954695;
Q28172049;
Q6314611;
Q17085620;
Q5278020;
Q23755719;
Q5654805;
Q89213458;
Q65117079;
Q125606146;
Q3494232;
Q30253575;
Q111982872;
Q4670840;
Q50595;
Q11302894;
Q108670343;
Q16995776;
Q775765;
Q107571756;
Q85800542;
Q7098552;
Q848265;
Q60860593;
Q19880591;
Q6975043;
Q4805039;
Q61934465;
Q1536909;
Q7489523;
Q7122670;
Q17078981;
Q5509271;
Q20663010;
Q96575127;
Q30283420;
Q6801109;
Q1548363;
Q17054016;
Q13576574;
Q96574719;
Q4166311;
Q30288606;
Q1885456;
Q6982964;
Q7089136;
Q107646339;
Q7415751;
Q17115958;
Q124258509;
Q7057831;
Q65062134;
Q11624421;
Q7800882;
Q30265448;
Q5766757;
Q725967;
Q3552887;
Q27963479;
Q18385610;
Q11535735;
Q645525;
Q6367747;
Q965133;
Q5154770;
Q30283539;
Q4783384;
Q11326640;
Q5416738;
Q19894864;
Q106432676;
Q4034833;
Q75560554;
Q85607259;
Q12208618;
Q2339113;
Q7695260;
Q20403318;
Q56683055;
Q8046013;
Q7120927;
Q230343;
Q1776939;
Q5398941;
Q18205509;
Q6971495;
Q19944;
Q99570961;
Q41420;
Q288129;
Q97574745;
Q6858555;
Q697493;
Q81654740;
Q3800498;
Q5156101;
Q106949922;
Q6036100;
Q26794821;
Q3348656;
Q7912737;
Q58606588;
Q56481140;
Q979690;
Q486269;
Q10319484;
Q59601635;
Q4652575;
Q55651097;
Q839555;
Q2401935;
Q106698278;
Q5035662;
Q484872;
Q5118415;
Q27926559;
Q55454139;
Q494775;
Q2931412;
Q1636545;
Q97041784;
Q60188;
Q30269329;
Q121002697;
Q7450295;
Q5533183;
Q695251;
Q30290314;
Q64448268;
Q6448856;
Q109648854;
Q15935049;
Q17087372;
Q103793759;
Q4651203;
Q3347591;
Q4636301;
Q966865;
Q1190598;
Q15804723;
Q4855895;
Q5370757;
Q16850385;
Q28408034;
Q24260830;
Q5683881;
Q55606690;
Q102222162;
Q1797038;
Q943813;
Q836040;
Q5206207;
Q103812264;
Q106411716;
Q5974865;
Q23131313;
Q124356562;
Q104481162;
Q4806100;
Q120636900;
Q104480721;
Q84698811;
Q20445830;
Q12474503;
Q8075252;
Q4716245;
Q107518637;
Q30268745;
Q7331170;
Q124258222;
Q30282590;
Q15762089;
Q21978988;
Q7301358;
Q124545138;
Q7496840;
Q1333317;
Q7924549;
Q20714614;
Q3381274;
Q30287119;
Q6758107;
Q1141217;
Q10856243;
Q7391257;
Q19898321;
Q2228136;
Q8025118;
Q18619467;
Q19654979;
Q18712722;
Q15805665;
Q18151484;
Q55391931;
Q30284032;
Q7887288;
Q106638814;
Q67766547;
Q7809764;
Q6690181;
Q65090792;
Q1002992;
Q110026376;
Q6843476;
Q3519770;
Q17153461;
Q48732206;
Q16950619;
Q496710;
Q11456123;
Q4836950;
Q3553552;
Q1189695;
Q16163192;
Q108180696;
Q17092616;
Q4036135;
Q2883425;
Q17079963;
Q21869758;
Q25384662;
Q828657;
Q16993862;
Q2353849;
Q25100315;
Q7307919;
Q492412;
Q2895117;
Q1607312;
Q5150442;
Q124224170;
Q5594069;
Q30297735;
Q1194143;
Q10397787;
Q5099790;
Q3875172;
Q124692070;
Q64142088;
Q116449996;
Q107517982;
Q30269391;
Q1386509;
Q104481160;
Q7277464;
Q107518742;
Q6058618;
Q5439099;
Q30289260;
Q7050718;
Q457141;
Q21992261;
Q1906012;
Q1884798;
Q4692116;
Q7856379;
Q79583223;
Q30267644;
Q118899927;
Q10534742;
Q107920256;
Q4745118;
Q11541501;
Q518016;
Q7215569;
Q20403120;
Q7099189;
Q12188885;
Q15898172;
Q104479902;
Q5089544;
Q795583;
Q20707405;
Q2741455;
Q1272738;
Q6954692;
Q5318916;
Q5242603;
Q21950804;
Q4726659;
Q19877253;
Q30641938;
Q104481456;
Q339266;
Q109451701;
Q6541837;
Q16827660;
Q5532704;
Q17147182;
Q7847309;
Q1319505;
Q4740289;
Q62065645;
Q16975402;
Q4045079;
Q17182243;
Q216645;
Q19898409;
Q18534725;
Q6786571;
Q50039427;
Q48861795;
Q96371983;
Q98373367;
Q97040875;
Q39054658;
Q87197489;
Q1371852;
Q107183498;
Q22121873;
Q89814980;
Q25112254;
Q5636789;
Q17083240;
Q7695737;
Q12239141;
Q47500199;
Q1063152;
Q830947;
Q30282919;
Q1591628;
Q105099852;
Q5592433;
Q65091087;
Q283457;
Q28450392;
Q19877982;
Q285161;
Q11159866;
Q6963996;
Q104481279;
Q6167947;
Q50038324;
Q7355744;
Q63849707;
Q30256301;
Q12218686;
Q4839566;
Q28134086;
Q17072593;
Q1532941;
Q113995999;
Q5152057;
Q2546713;
Q568817;
Q50038079;
Q25384529;
Q55614827;
Q42841380;
Q118303850;
Q17114308;
Q5644848;
Q106351547;
Q10889280;
Q96379626;
Q115011580;
Q17051632;
Q7681301;
Q17143062;
Q20403531;
Q187787;
Q104481173;
Q7234777;
Q6972672;
Q120761341;
Q18688840;
Q50037824;
Q59186636;
Q5629997;
Q104481119;
Q30284118;
Q406932;
Q30287940;
Q106104223;
Q99976763;
Q64142383;
Q25111777;
Q104479960;
Q15917534;
Q19593;
Q672384;
Q71060894;
Q30270765;
Q892279;
Q6806861;
Q30283331;
Q5063615;
Q106309492;
Q60760151;
Q733482;
Q6952158;
Q50038895;
Q30268939;
Q10934832;
Q253423;
Q7403519;
Q3427904;
Q5167736;
Q109610462;
Q60762481;
Q1390074;
Q15682;
Q4811929;
Q216272;
Q63969967;
Q7447640;
Q2087612;
Q2943995;
Q6555405;
Q61981830;
Q5140275;
Q4828994;
Q999269;
Q18716;
Q7276640;
Q20708639;
Q30286596;
Q109619213;
Q4474231;
Q17507558;
Q64141812;
Q6735371;
Q104481459;
Q1392401;
Q12060513;
Q30595232;
Q5113703;
Q5267669;
Q12594908;
Q30269379;
Q685918;
Q16997459;
Q30269363;
Q17068984;
Q65095575;
Q96377389;
Q742422;
Q5026835;
Q4651446;
Q17006727;
Q64143529;
Q30639999;
Q105751519;
Q6545549;
Q30298339;
Q58641733;
Q4111575;
Q1815001;
Q5596984;
Q18028837;
Q30269397;
Q30256843;
Q5508083;
Q1662176;
Q3280364;
Q30262286;
Q17086475;
Q7858146;
Q96482392;
Q11333792;
Q48800016;
Q7802889;
Q1799063;
Q106295041;
Q7920749;
Q106623027;
Q118725786;
Q60754620;
Q17127968;
Q120997607;
Q17089730;
Q127257936;
Q477993;
Q28776959;
Q1287771;
Q116737620;
Q38819634;
Q656229;
Q5373896;
Q16999030;
Q588001;
Q7830269;
Q109312681;
Q30256795;
Q373225;
Q2573511;
Q30268854;
Q5380687;
Q99482082;
Q54982877;
Q60860500;
Q4049044;
Q30290812;
Q30269222;
Q115821989;
Q30269296;
Q4782213;
Q107740188;
Q12192383;
Q5157220;
Q12188935;
Q111804995;
Q104480411;
Q96472548;
Q28403355;
Q57060073;
Q7102305;
Q65157648;
Q96481629;
Q7669439;
Q107517747;
Q7279901;
Q1027472;
Q28877490;
Q10946165;
Q14791510;
Q18110636;
Q30286428;
Q29096796;
Q17086062;
Q16246329;
Q1191344;
Q265286;
Q7538404;
Q17108847;
Q15951354;
Q5417351;
Q30256497;
Q6487633;
Q43896231;
Q15897665;
Q55360707;
Q123227608;
Q21178592;
Q80220078;
Q11323176;
Q16991690;
Q4744822;
Q302251;
Q4674406;
Q5430935;
Q6473666;
Q4855880;
Q17192284;
Q18111091;
Q16959092;
Q120908465;
Q111387693;
Q119658583;
Q116275554;
Q28228105;
Q4868109;
Q104903132;
Q96100571;
Q115225388;
Q16994890;
Q110016300;
Q932577;
Q30269237;
Q24204571;
Q107473521;
Q7309716;
Q10665476;
Q113466768;
Q1065088;
Q20990737;
Q30292482;
Q6459789;
Q21010691;
Q30297170;
Q83768717;
Q30291430;
Q1456845;
Q859575;
Q63623999;
Q5272335;
Q389526;
Q15281574;
Q5099579;
Q20136005;
Q7764766;
Q1668901;
Q107519243;
Q30286352;
Q15109903;
Q16998645;
Q5470641;
Q104481158;
Q124377649;
Q124130142;
Q65058265;
Q4967514;
Q27313697;
Q30281289;
Q65089744;
Q30295739;
Q820887;
Q24896598;
Q55454118;
Q30265385;
Q6057493;
Q489243;
Q189874;
Q17514215;
Q10893531;
Q757689;
Q5003490;
Q7836120;
Q30287845;
Q3520257;
Q5453249;
Q5301438;
Q4950971;
Q26794813;
Q115781358;
Q115921723;
Q30269074;
Q96392042;
Q106411731;
Q30265326;
Q104481180;
Q16957375;
Q68574562;
Q16974781;
Q7575959;
Q10819817;
Q30272389;
Q22669551;
Q5358586;
Q7390237;
Q1929466;
Q1812489;
Q20049860;
Q16983204;
Q30283713;
Q17152439;
Q30298092;
Q19903278;
Q10501780;
Q4849853;
Q16962428;
Q16834017;
Q124361729;
Q106411859;
Q115128156;
Q243111;
Q42073;
Q20782283;
Q6985810;
Q17001319;
Q5204430;
Q7171526;
Q107517966;
Q7943726;
Q30297285;
Q7243710;
Q106641474;
Q4636612;
Q6889843;
Q122945949;
Q7579979;
Q108076472;
Q30591057;
Q18354527;
Q2549114;
Q2892812;
Q30290381;
Q30268888;
Q112583437;
Q13529450;
Q110401429;
Q30255337;
Q95920110;
Q131499;
Q7280957;
Q7251166;
Q7251172;
Q5063137;
Q30289308;
Q17090754;
Q20872283;
Q30288657;
Q1142226;
Q356212;
Q30288957;
Q104480383;
Q50040534;
Q2431769;
Q7248285;
Q52085298;
Q574225;
Q111821048;
Q104480051;
Q15816650;
Q50039669;
Q106411715;
Q6513538;
Q124150929;
Q30286658;
Q7417809;
Q25104379;
Q11277;
Q30269142;
Q104480131;
Q84564030;
Q25326575;
Q1922297;
Q4545749;
Q16985829;
Q2506396;
Q116056726;
Q729342;
Q2747818;
Q5674337;
Q50038051;
Q734779;
Q3064093;
Q43896977;
Q921944;
Q108822000;
Q21041454;
Q5501354;
Q4806327;
Q3781101;
Q6960507;
Q30295377;
Q11228017;
Q107518199;
Q96100568;
Q4904902;
Q5500950;
Q17141691;
Q20709242;
Q30274055;
Q7313510;
Q6654568;
Q2495040;
Q2609;
Q17131128;
Q100956100;
Q30259128;
Q7002474;
Q16998439;
Q104481367;
Q18148458;
Q125427741;
Q207922;
Q3873359;
Q61930663;
Q94777120;
Q111450274;
Q104481283;
Q4905973;
Q27704930;
Q7309325;
Q107519874;
Q48967150;
Q4914627;
Q16956858;
Q17182820;
Q104480099;
Q96419376;
Q115978123;
Q18611508;
Q106411855;
Q78203110;
Q106019609;
Q27926304;
Q2298950;
Q109609566;
Q1233688;
Q8069865;
Q104480960;
Q104481481;
Q107528394;
Q6047110;
Q30265338;
Q25231005;
Q21874220;
Q1720;
Q113989998;
Q27346316;
Q104481473;
Q846246;
Q124525794;
Q60769878;
Q3479083;
Q7102777;
Q7662490;
Q100956165;
Q1143659;
Q6703090;
Q23022898;
Q28220650;
Q30287853;
Q236609;
Q11344496;
Q17209993;
Q39058437;
Q83948954;
Q89100104;
Q17063140;
Q21189808;
Q3036861;
Q30284270;
Q124635501;
Q128446;
Q7727445;
Q91490380;
Q17086854;
Q104480752;
Q110768203;
Q1225892;
Q28406599;
Q86679800;
Q22920301;
Q106411767;
Q7545224;
Q7076047;
Q117405658;
Q21208888;
Q50039703;
Q43896252;
Q5712100;
Q55636707;
Q106522144;
Q1923795;
Q23045242;
Q55708732;
Q30284124;
Q6415714;
Q4876829;
Q11325557;
Q105375474;
Q105062637;
Q5350582;
Q3008112;
Q7514985;
Q106411808;
Q11339750;
Q6044984;
Q30294648;
Q102047934;
Q30260739;
Q5907884;
Q75684;
Q1851616;
Q30288730;
Q19598104;
Q5161257;
Q18206643;
Q96574751;
Q5289622;
Q59507;
Q21192330;
Q55075190;
Q104480124;
Q11344540;
Q64390973;
Q84356002;
Q21161576;
Q5560152;
Q108142468;
Q104479955;
Q7256219;
Q30268820;
Q19865696;
Q1716433;
Q124635521;
Q96482303;
Q4686419;
Q18156798;
Q11282968;
Q104481461;
Q17073430;
Q124343800;
Q113504139;
Q42323005;
Q30283512;
Q124036729;
Q121832886;
Q104479892;
Q25230496;
Q104480793;
Q8074159;
Q113128805;
Q30255164;
Q290709;
Q30288609;
Q3342214;
Q21177770;
Q21562062;
Q122763806;
Q61934594;
Q6763754;
Q5047528;
Q5431118;
Q111132753;
Q4782563;
Q30298080;
Q39052499;
Q104481305;
Q127505970;
Q125168369;
Q100956327;
Q2113792;
Q30268429;
Q7311538;
Q30291067;
Q104480222;
Q30263140;
Q4688714;
Q6963969;
Q6508893;
Q30260409;
Q2180935;
Q7809768;
Q6744211;
Q727225;
Q30269027;
Q108146722;
Q21294265;
Q4787395;
Q15712203;
Q106411799;
Q30285756;
Q110015978;
Q748777;
Q3019129;
Q4781522;
Q30296419;
Q106411749;
Q30281308;
Q19874420;
Q104480080;
Q610190;
Q124445202;
Q3094972;
Q30283670;
Q50039757;
Q19904023;
Q2748407;
Q60740676;
Q104481301;
Q28404703;
Q571800;
Q117765911;
Q16831795;
Q4674531;
Q43896210;
Q60742568;
Q6822359;
Q3153086;
Q55316482;
Q30295279;
Q104479939;
Q104480105;
Q4966553;
Q7833697;
Q258748;
Q1617059;
Q334931;
Q406798;
Q4120390;
Q4047736;
Q4703879;
Q5758041;
Q4670139;
Q5030654;
Q5372567;
Q6702930;
Q4670123;
Q18109871;
Q5310534;
Q4122339;
Q624307;
Q5617504;
Q25461650;
Q566189;
Q4704873;
Q3153926;
Q5310560;
Q55108089;
Q80323000;
Q190223;
Q467164;
Q13476354;
Q25541425;
Q6809077;
Q4836325;
Q123528291;
Q124372699;
Q5208319;
Q4855360;
Q16345932;
Q4855376;
Q754829;
Q4855274;
Q4855005;
Q96419432;
Q7056796;
Q7597417;
Q2454639;
Q4855365;
Q12486811;
Q7257253;
Q5970690;
Q14533113;
Q5268715;
Q4034985;
Q107578371;
Q25449443;
Q16496476;
Q108670111;
Q12138818;
Q108669453;
Q1187505;
Q1541470;
Q5322863;
Q7942209;
Q30934970;
Q136484;
Q11063808;
Q11153061;
Q884019;
Q10875850;
Q10863996;
Q690739;
Q126391861;
Q4116236;
Q1424632;
Q59050018;
Q50036476;
Q4917245;
Q4120425;
Q1042722;
Q100345062;
Q5594835;
Q194445;
Q246534;
Q947259;
Q24278860;
Q806659;
Q497033;
Q4118481;
Q5001479;
Q7375143;
Q609586;
Q10854129;
Q4855944;
Q20987709;
Q5954236;
Q10296776;
Q5955063;
Q20110887;
Q56370415;
Q6395007;
Q1156082;
Q737835;
Q1261157;
Q28713774;
Q502545;
Q10854127;
Q7895461;
Q6973850;
Q1737468;
Q5548553;
Q427677;
Q1046124;
Q2472280;
Q1374277;
Q4077350;
Q2783344;
Q7683419;
Q6719051;
Q25104229;
Q83276;
Q65223075;
Q7120403;
Q11950968;
Q2384255;
Q126716621;
Q2885364;
Q4826829;
Q564717;
Q25632240;
Q15238519;
Q2913037;
Q50036990;
Q30280432;
Q12218628;
Q12180502;
Q1752043;
Q39995;
Q16123520;
Q12194732;
Q54869508;
Q3133606;
Q12218566;
Q4783362;
Q20401488;
Q12218557;
Q12188910;
Q12218646;
Q3160430;
Q20401353;
Q12218563;
Q127735144;
Q272361;
Q1983085;
Q104161917;
Q6063045;
Q4822444;
Q6009987;
Q4314979;
Q3558046;
Q1924723;
Q7931367;
Q12218694;
Q12188909;
Q4750772;
Q30314139;
Q4745572;
Q55513437;
Q878;
Q640010;
Q5372575;
Q5285844;
Q4830545;
Q115806042;
Q6517687;
Q7681903;
Q63123144;
Q1090717;
Q406764;
Q333679;
Q13060139;
Q56371275;
Q7308074;
Q6809076;
Q2559655;
Q55737545;
Q115664015;
Q30135186;
Q7712058;
Q7102792;
Q4456918;
Q815314;
Q7103988;
Q2911219;
Q4734761;
Q899097;
Q19653039;
Q16981417;
Q94251287;
Q733958;
Q67936681;
Q124461238;
Q1073522;
Q4415024;
Q10426347;
Q338925;
Q588786;
Q6517739;
Q16926211;
Q95044734;
Q5635862;
Q7835887;
Q536368;
Q155359;
Q51290;
Q317027;
Q106321353;
Q1299174;
Q6458758;
Q1027869;
Q7451761;
Q6066844;
Q4842644;
Q6066716;
Q2410404;
Q2882608;
Q7695198;
Q7227715;
Q30259412;
Q1149762;
Q5961325;
Q912429;
Q18822264;
Q16981107;
Q593733;
Q6714424;
Q1356666;
Q498991;
Q25380731;
Q806646;
Q3242264;
Q2007692;
Q545402;
Q3087545;
Q4036042;
Q6955140;
Q63435709;
Q5612254;
Q107379591;
Q9089;
Q23680159;
Q15650025;
Q28163488;
Q504521;
Q5146675;
Q7408955;
Q1001891;
Q5254669;
Q50039631;
Q17060339;
Q65042408;
Q12218700;
Q1333073;
Q27727605;
Q610003;
Q814825;
Q55629302;
Q19893327;
Q610241;
Q11306914;
Q4686192;
Q22099540;
Q7681456;
